,Dim_1,Dim_2,label
0,1.1832683012034555,5.425423952631895,1.0
1,16.39855938812175,-23.37746049459963,0.0
2,-6.235158040287133,-4.712288744312109,1.0
3,-27.31028245156033,1.3925759681364007,4.0
4,17.183737718552834,-23.899219066347293,0.0
5,12.841883828821802,-15.713342394986197,0.0
6,-18.226675357581442,5.070860191829465,7.0
7,-13.114890986726502,-4.3510615940715525,3.0
8,14.423757955663302,12.924388156365854,5.0
9,17.326967122542552,-1.6576990713370103,3.0
10,6.692972394424477,18.15836571741932,8.0
11,-10.633215689656295,14.209718425586114,9.0
12,-4.157602139288608,-3.979086989946312,1.0
13,22.591975068733475,10.611388801711827,3.0
14,19.23796392511682,2.9108013686521406,3.0
15,-3.8863121547056223,0.39456384907048886,1.0
16,6.892619889214245,-0.16930371355952897,2.0
17,18.413160529072247,-15.675848737688488,0.0
18,-12.611608808192575,17.244077732049135,7.0
19,-1.53618485370737,-23.186577312616034,5.0
20,5.364696372834852,13.836777527527973,8.0
21,3.938815213397166,-19.267906543240336,6.0
22,7.469769879210668,-0.892921853864445,2.0
23,17.121030488315053,-24.798750808953184,0.0
24,7.053097414142229,-0.3341633469156431,2.0
25,20.13974140494717,4.8304831697358095,3.0
26,-3.5457242412000123,-16.38647734536997,6.0
27,-8.812906388934218,15.183078185720563,9.0
28,-15.9197028505348,10.381050145880371,9.0
29,-23.526421178130285,15.904615574959758,7.0
30,4.345171920415249,14.743575637830466,8.0
31,-22.978174059569454,-0.4766204648306524,9.0
32,-11.634812174020574,7.06287244522806,4.0
33,-13.828893029909015,11.603756664094687,9.0
34,-1.8841115837400058,-11.561027888148073,2.0
35,-6.733183419948005,-7.664385620231467,1.0
36,16.469014148218054,6.962632628790065,3.0
37,-2.019712578551225,-1.9318357004406266,1.0
38,-0.37306845121047033,0.5847536445112511,1.0
39,-21.0128585388256,8.15839525775958,4.0
40,11.540066901247227,8.963170101023373,9.0
41,-5.663797874108746,-4.022326895574367,1.0
42,-26.232289967006324,4.3463284038872425,4.0
43,-17.862523841230132,8.324748990845778,4.0
44,2.132183719723284,-3.3855328642517635,2.0
45,0.40253143803571556,-15.677023470105013,6.0
46,14.35127692326772,9.18299574004815,3.0
47,-19.09864263803439,4.167490944591393,7.0
48,-11.322392111063989,15.86839939206014,7.0
49,-21.49784762705283,8.677689106295489,4.0
50,-19.67482733349227,2.3585776028229763,7.0
51,24.95092917922979,6.300327228280777,5.0
52,-5.7805523003970585,-2.539155895570989,1.0
53,-21.5140182391904,-1.9686213476797454,9.0
54,16.874908532308027,-20.332091827838692,0.0
55,-4.4572539167997265,-6.984073063826073,2.0
56,3.172387390558656,-3.8593583599360675,2.0
57,17.53375642756152,5.383878060863426,3.0
58,-10.778553315010367,14.376042776334334,9.0
59,-2.7736502773701335,-1.4982079760654665,1.0
60,-8.780085589399807,-7.5023205052064,1.0
61,2.1949659336065963,6.905232323826174,1.0
62,-11.24639744277612,0.3943207556122538,5.0
63,21.237177620095178,-17.99810861132438,0.0
64,-3.5745851802532393,-20.312448332717203,6.0
65,13.748752220008251,5.877414392464777,3.0
66,-25.319411139990216,5.038657268824279,4.0
67,23.85208549588875,11.478895526972881,8.0
68,-0.828902099886468,-0.2643615655333394,1.0
69,7.824950374673551,-17.840706386639056,0.0
70,16.737590488780004,1.8324177654125917,3.0
71,-14.92322963007542,4.150996205261174,9.0
72,-7.65302345404109,-20.574536931277795,6.0
73,17.632830436901223,-2.703985022516384,2.0
74,1.1674847082794129,-11.558770738723664,6.0
75,-9.614325376053731,7.791292897273439,4.0
76,-14.265966231997819,6.51630029031579,7.0
77,-4.195628074508311,-5.0558398496947135,1.0
78,-25.107879924993124,5.206574372443238,4.0
79,-2.3566157234767724,0.880878257104397,1.0
80,-5.5648961881472445,4.798427429427615,5.0
81,-20.953823387082693,7.675010367718464,4.0
82,5.549216317830444,14.218661366443788,8.0
83,-14.234217301911048,8.412232936682795,9.0
84,8.194520923090845,-6.393435832975993,2.0
85,-9.765045233858366,-4.2520128094856,9.0
86,-12.574326370322062,11.999567619218276,9.0
87,-1.7210566301221064,-7.398671650009723,8.0
88,-19.65579434221853,10.635144346042074,9.0
89,-25.79200211257556,2.500695898023917,6.0
90,23.979115025550218,7.390694534204947,3.0
91,-0.44315914879615015,-18.596015706394258,6.0
92,-21.688043071913597,2.727155381838003,4.0
93,-4.006867923794265,-12.93814175621875,6.0
94,-10.709683666253937,-12.132607652544559,2.0
95,-13.812147703342914,14.544676954538165,9.0
96,-3.486718939763374,-0.28258459132256697,1.0
97,10.141423959050929,-10.248285464941741,2.0
98,21.971258705365535,-15.3967643348859,0.0
99,23.508970130539907,0.8414354908176075,5.0
100,-17.51503267385258,12.543175106048142,9.0
101,2.9870929116374603,-7.002874304038526,2.0
102,-14.92318447419359,19.600163670028415,7.0
103,-18.43415281032125,4.10300891125705,7.0
104,-2.1189944901526068,18.06211593658666,2.0
105,5.791743683646962,16.68454090214882,8.0
106,1.8659597897211269,10.564354338152992,8.0
107,24.417712178285473,6.446106229232674,5.0
108,11.549716160924477,-19.660801416733825,0.0
109,0.37351766950245435,-16.942597653503352,6.0
110,18.218992389728797,-22.999315498877817,0.0
111,11.540229616480753,-15.903326392277267,0.0
112,6.553417005845044,-8.049238273935044,2.0
113,-21.288118659303016,-1.8324974188569463,9.0
114,18.343066217005735,-18.684105917485887,0.0
115,-26.4903465552899,-0.7939257845773307,4.0
116,-13.785241889543252,20.13684905697482,7.0
117,-1.2492680381466317,8.640337122790445,7.0
118,-5.800018290706556,-4.379951118889534,1.0
119,16.82045559160561,9.55381810558133,5.0
120,-25.973448769654603,15.538581500468132,7.0
121,-11.291787466150518,12.747134485218249,9.0
122,-23.632587558072768,9.50477251848958,4.0
123,3.503494966317321,-0.2813066994840383,6.0
124,1.2692245908397577,5.9082738521107805,1.0
125,4.43699584455549,-14.307121935466174,5.0
126,-12.121312710031022,17.989739149585827,7.0
127,-3.1145905923052584,-21.261110712388145,6.0
128,5.8812434328392165,-13.056286684177584,5.0
129,17.440449296193492,-18.4997550930008,0.0
130,-28.180808467020913,4.424477766117007,4.0
131,6.8737939493788005,7.955116014269909,8.0
132,-1.9076647763001071,7.577016731934809,7.0
133,5.086704447525456,-16.625424485016026,6.0
134,0.997164510786394,2.8406622227856717,1.0
135,1.7285381885113849,9.46924867681223,8.0
136,-18.578976219306565,3.257904680573728,7.0
137,20.800294690877294,6.116446891318464,3.0
138,-23.67190371967362,15.558148930698685,7.0
139,13.703387908703851,8.9904433309814,3.0
140,-5.185885655181315,-3.912428546116299,1.0
141,21.171171647570365,-16.313111060686317,0.0
142,13.120579335150518,5.726365611566659,3.0
143,-20.890131908927586,5.703669290845359,4.0
144,-8.440102381600868,2.2872830095358805,5.0
145,-9.637567557574258,7.734648121914302,4.0
146,11.835116285051567,-17.44201482623772,0.0
147,6.826437167612703,5.979486536800804,5.0
148,-8.31623966044961,11.689602754442674,4.0
149,21.10544728587524,-14.675657500236742,0.0
150,19.930518946983096,6.908523234808214,3.0
151,7.669613429810129,3.8729679243684236,5.0
152,0.48547619859686125,1.881473825772019,1.0
153,14.302726284484265,-19.335650103046206,0.0
154,1.497683325702793,11.596715964871683,8.0
155,18.8549417768003,5.334277656972629,3.0
156,-14.05747698597418,19.105274982345573,7.0
157,18.178697132636078,-16.157774121159203,0.0
158,-20.193617286928074,1.78653444142203,9.0
159,-6.098730998438295,-20.750565162525007,6.0
160,0.8167704731366895,-14.831972290624288,6.0
161,-14.349905847798276,8.104402259224951,9.0
162,-5.782878493797898,5.279312911431179,5.0
163,-19.577460076858547,10.075459396813942,4.0
164,0.09262756940167392,-10.384610884605417,6.0
165,-17.121674231716394,5.191534603254373,9.0
166,4.777479691829291,9.208296684447808,3.0
167,17.928767461588397,8.906306720991328,5.0
168,-28.630978130425525,1.630732063774319,4.0
169,14.348114680951113,-6.200539983261741,2.0
170,-5.585440808802313,18.185778806496625,4.0
171,9.987487735165768,10.665162997122177,8.0
172,-4.646861186634634,15.208750204272183,7.0
173,-13.948541521304703,4.117543287567953,7.0
174,7.432738704475445,4.170298744486737,5.0
175,-14.262021441367683,-2.54823306886166,8.0
176,21.86875022110814,11.596136364454768,8.0
177,3.4706954108456123,15.891462227859845,8.0
178,8.431944065338215,-7.03323836427843,2.0
179,26.960079219711808,6.637640526762683,6.0
180,-13.371236230388924,9.904594182911895,9.0
181,22.24967513240925,6.61505724760503,3.0
182,-2.112186868877526,2.395698978925301,1.0
183,17.128499814421055,-26.440726082466625,0.0
184,-11.085099274111105,10.957081425644203,4.0
185,0.16179674193504706,3.7548212602929265,1.0
186,11.538176337406828,12.333271845585257,5.0
187,-20.938123402428126,10.99005113811748,9.0
188,18.583043892073402,-16.30898009586506,0.0
189,-5.292788773995724,-20.465250117871115,6.0
190,1.2547082096030004,0.09396158921869517,2.0
191,-10.603684221816488,-5.899608714306433,1.0
192,-17.443914580309553,1.8579994772240136,3.0
193,12.263421438960602,-21.89052183876038,0.0
194,8.09034117526801,-17.338576382126014,6.0
195,21.491031796879458,-17.80547765026184,0.0
196,11.762043415814647,-21.63536968090848,0.0
197,-12.109287608249439,-6.316988130066398,8.0
198,22.499447011239713,10.780461185312399,3.0
199,10.148866469634598,-5.020145003302759,2.0
200,13.293288055706576,-20.713664318919182,0.0
201,4.49273890359011,-15.520866416238524,0.0
202,0.18395062826733757,-17.855850362288205,6.0
203,17.503266498241306,-24.66024959052798,0.0
204,20.924689222055612,-20.492818422937212,0.0
205,-27.98844188713684,1.8756054202022479,4.0
206,-17.734060498588804,16.137040492061157,7.0
207,11.035358083889218,-7.9688511332606735,2.0
208,-10.246489686774668,15.86700728312242,7.0
209,-7.239907571854433,-5.948308304154007,1.0
210,-15.107623896300456,6.12433361360939,9.0
211,-15.655730754388328,4.513328960999308,9.0
212,14.108331023593307,5.615323150732011,3.0
213,-15.99408368643659,8.029289054109945,9.0
214,10.81662177282268,16.50336888068057,8.0
215,-23.37088165818664,-1.6657959111036462,4.0
216,0.21480620013073626,-10.710319725760856,6.0
217,2.8185512424199564,-11.911841016493572,6.0
218,-0.6063166611809856,-1.7110758456653177,5.0
219,17.474316615091027,6.353455737300637,3.0
220,6.26418172785584,16.949133232976138,8.0
221,-2.71661305442721,0.3559601091371528,1.0
222,8.312805326796555,10.027400590643154,8.0
223,-18.42185056686394,5.4569895918856375,7.0
224,0.08688496030497643,1.4118301725456144,1.0
225,20.03093809672413,6.852367730684095,3.0
226,-22.942301281071234,15.841599106359261,7.0
227,-3.881292781589193,-17.420368068126077,6.0
228,15.993665673726229,0.5385176160303055,3.0
229,-8.351103811005673,-19.143913806375036,6.0
230,16.505143756187355,0.7375600708104091,3.0
231,-9.615447967903256,-18.958984598852947,6.0
232,17.171307320989722,1.93338434924117,3.0
233,7.082978106967579,-5.314221035491978,2.0
234,11.53673892144352,5.9151947663431725,3.0
235,-4.074178768041765,-7.450129154642743,2.0
236,7.891323662325561,-0.9009389133707005,2.0
237,-22.14171275081545,14.758689890276171,7.0
238,-18.691188257883585,-0.7403048728407893,9.0
239,3.2412642166412073,-5.677968905396633,2.0
240,17.556599882621324,-3.768374198009601,3.0
241,14.337837290419001,-6.968497561440103,2.0
242,-10.018490786633459,15.799948208297815,7.0
243,11.11600677284793,3.6049275036834234,5.0
244,-6.388444776009637,2.718813423141885,5.0
245,6.793486396034613,15.536569398848908,8.0
246,-12.89488941901623,7.914113244484033,8.0
247,1.2752339497927476,-6.2570368701683,2.0
248,18.27897575399705,-22.716741228619117,0.0
249,1.05971453759799,4.526477969383364,1.0
250,-17.810806782546877,10.627835258644415,4.0
251,5.1284417420529556,-16.75595601034103,0.0
252,-7.935999978124747,-20.564436823226195,6.0
253,19.487580158271605,3.9115329275862867,3.0
254,-18.630651351705534,1.8066159829958897,7.0
255,-0.4426197646519774,5.182701669216484,1.0
256,-6.420471787881509,-6.336827973502579,1.0
257,-1.7056952253400188,1.1979601376721667,1.0
258,-22.211443359410215,9.7199419720536,4.0
259,-18.858662249715962,16.60367939072145,7.0
260,14.868825962248975,-24.141847660056523,0.0
261,9.426862790197506,-2.18356976281777,2.0
262,-16.288262039541777,6.430497475790302,9.0
263,3.4381891701279597,-7.230985005787171,2.0
264,19.529278549414542,-19.436865328179792,0.0
265,8.565591229356608,2.9647887943620628,5.0
266,0.37363031161168014,-18.958380057915413,6.0
267,13.757782324222624,-22.33069339527811,0.0
268,10.548976591283564,11.513569106717473,8.0
269,-25.965912700428692,-1.914793243946698,9.0
270,-2.0973801668856447,-21.03820438043252,6.0
271,7.495556634807696,-1.8052407281177194,2.0
272,16.327704254861597,-24.93818085190551,0.0
273,12.062235601396466,-21.54452476884711,0.0
274,-18.550566017873233,15.016243506022734,7.0
275,14.052583101987976,-7.320259543298401,2.0
276,15.23046091880713,-20.48566699723072,0.0
277,-27.8844298514814,4.530099004605313,4.0
278,2.987358467553138,-3.7461701302622346,2.0
279,9.769375761219697,-21.07822574411162,0.0
280,-20.48370192177584,0.8199645661066584,9.0
281,-2.427069837014306,2.002040972920154,1.0
282,-4.864472789722179,-17.429613597581476,6.0
283,-15.200558268481737,3.7525196091646524,9.0
284,16.789918325003118,-1.1231430023413425,3.0
285,18.60078094083347,-25.54091355666793,0.0
286,17.974086256976516,-24.727467147641093,0.0
287,1.5893936114789922,-5.880073126996851,2.0
288,17.321208323857757,-24.062283321718038,0.0
289,-1.7046032619225326,-15.128355443698606,6.0
290,1.6825717700471745,11.483403474305387,8.0
291,-7.040779892799884,12.194344138106459,4.0
292,12.98791153784471,-19.679713442147857,0.0
293,-3.8375445042761176,11.553808614503712,7.0
294,6.72782344446049,-5.044253719739759,2.0
295,-7.17858674765112,-6.539053250671325,1.0
296,-15.026030102008475,10.329325844181746,9.0
297,23.927247151718138,6.752267844415523,5.0
298,13.653528926013864,-13.320877768207033,2.0
299,-22.234307387600367,-3.308707265278454,4.0
300,5.778757217579587,11.886119520970114,8.0
301,15.814540226953907,12.667871533401799,5.0
302,14.600665713502991,-6.376078966660546,2.0
303,-22.27714470444446,0.4674855148706232,9.0
304,-14.359370260330438,17.085196587819357,7.0
305,-7.415332465649065,16.08534248993536,9.0
306,5.157616562553386,-2.7211669575222373,2.0
307,-19.90452977141971,0.45012991263126506,9.0
308,-19.560728792096626,12.724681669802337,7.0
309,-26.53591943746332,-0.38779457611495827,4.0
310,-18.53812162597117,7.110944813170836,9.0
311,20.369900651119863,2.895614105503204,3.0
312,16.815118792416612,-11.693590296097227,2.0
313,-1.0942709697167325,8.410959454895366,7.0
314,15.880173660459127,8.883214782958381,3.0
315,-0.4765556342345978,-15.716327283167768,6.0
316,21.555049740353514,3.7253081877408585,3.0
317,2.027612584925648,-12.137858374509943,6.0
318,19.939962573677963,10.848348809319562,8.0
319,7.845126356056729,17.75227454987204,8.0
320,18.69330706216569,10.57159434813634,3.0
321,-11.214472694159332,18.4689328729615,7.0
322,16.021573648638874,-25.30725100562533,0.0
323,-14.775789458339009,12.45123241941555,9.0
324,10.83062119193354,-1.4230560067035145,2.0
325,-25.729964526778783,15.39091764182109,7.0
326,-13.715903944932538,11.825769555041436,9.0
327,17.213023198668424,-23.227340083749507,0.0
328,-7.1874712021000455,14.831003785217403,5.0
329,-20.868962854335734,9.760165637333474,4.0
330,6.819941616152089,-15.81263288058189,5.0
331,7.591389976551203,14.248339935367845,8.0
332,-22.876397605354562,3.760706686906959,4.0
333,20.297110626608518,5.720689253823345,3.0
334,22.526498495442652,6.7495428043124335,3.0
335,-7.188353425886753,-5.7770788732259595,1.0
336,-17.94735451457546,15.165363983144296,7.0
337,6.134652581098676,18.50232975999183,8.0
338,-19.18056816546316,10.292467253482698,9.0
339,-12.873203105847107,16.363721477132998,7.0
340,-6.114929245698468,-8.880600591816789,6.0
341,16.787037938818255,-6.356330812881926,2.0
342,-0.35273254092882833,5.622586094688947,1.0
343,-19.21468192383965,17.124492836006485,7.0
344,19.09470832793969,-17.03888831481002,0.0
345,10.62512730837666,3.0049408011181797,5.0
346,0.08155735564424524,-12.652616970672586,6.0
347,23.838105841417164,-2.8543475524630306,5.0
348,13.418760532004196,4.134550772298746,2.0
349,-23.816818277741252,0.08006056209712471,9.0
350,23.53784031369037,-1.0164262888698166,5.0
351,-6.000673286548755,9.626763929301001,4.0
352,-7.912927835327226,-18.797877913496887,6.0
353,16.781587895636985,-11.688417706778107,2.0
354,15.159849488120766,-6.9479946157498045,2.0
355,15.42940226842007,-8.80453048292597,2.0
356,-11.878523324148361,13.593380319355077,9.0
357,18.16319658873728,-25.11234524249175,0.0
358,-24.283878029226088,15.357733704540976,7.0
359,-10.819283947204516,18.347865774963083,7.0
360,-0.9191588097610954,-3.2415650362011124,2.0
361,12.559550362282872,-5.345957766844021,2.0
362,3.6745629032831695,-15.213170651143411,6.0
363,16.853928813708215,4.729035425077613,3.0
364,-29.37412751087465,3.492637161056091,4.0
365,12.620595240399831,16.93697502153632,2.0
366,13.473847188794986,-22.596393539494784,0.0
367,5.9481013931934,3.6898473149077655,5.0
368,-12.91331852453727,14.0201163162693,9.0
369,-10.792603448468371,-17.41395742154597,6.0
370,1.4399575615854947,-6.586347455871248,2.0
371,-6.033830353676386,-6.713374451756355,1.0
372,-15.196534048869607,5.2430134744225585,9.0
373,18.20532339255546,-15.108197904303651,0.0
374,-1.922601110137851,-18.36771643561978,6.0
375,20.526895605416495,-15.417095200229223,0.0
376,-13.290933944750774,4.630283101831866,4.0
377,6.692606102905579,-16.378035321108175,8.0
378,-22.225130673990577,9.553783023990002,4.0
379,15.735472257793585,4.949551623315078,3.0
380,-0.5555959003013313,3.7748561456747987,1.0
381,-5.551695718230782,4.675258150643548,5.0
382,-26.24225704569716,3.6416576119581627,4.0
383,10.955843716066004,-3.883324657975895,2.0
384,-12.77994037631711,13.693360574170375,9.0
385,23.849700527610462,-2.8945904915679206,5.0
386,-17.993223178728677,17.277043861122934,7.0
387,15.666549976522427,2.7667816314705536,3.0
388,-7.5261761602190855,-4.67144961197172,1.0
389,11.181961707332196,3.7600459252431366,5.0
390,-22.06665732971505,-1.5754138422115045,4.0
391,-7.819648931925743,3.1116037747814596,5.0
392,18.147975013600306,5.6633562639871595,3.0
393,-12.41872475261407,15.727303243899176,7.0
394,16.842307233104552,-1.0056622632128074,3.0
395,5.470892551864939,16.40839277908465,8.0
396,-0.306451485470954,-17.97421980222173,6.0
397,-2.118532605606816,18.053261637969744,2.0
398,-1.3456061150636542,9.362395533037418,4.0
399,0.2854128348953223,-18.75323999313174,6.0
400,-6.9909315762903255,-7.389833309958455,1.0
401,-0.8274698866938666,-0.2707823156941147,1.0
402,-12.59362963600349,11.273300052793473,4.0
403,19.638429132046465,-19.98263074421706,0.0
404,18.347468628468004,-16.698421724951693,0.0
405,23.616605836576255,0.9886000259960253,5.0
406,9.540783381376649,18.416819155459958,8.0
407,-4.793010554903311,-17.809741311200277,6.0
408,-21.04309478529261,16.45325040209058,7.0
409,-22.954083530808578,7.8968296128012385,4.0
410,5.400727661655805,-3.394747783479794,2.0
411,6.420301428824337,13.653839530896155,8.0
412,18.976251689366602,-14.527641494596564,0.0
413,11.326219115714212,-7.026447409763802,2.0
414,23.791879834833598,2.072369051105922,5.0
415,-9.69178816636524,12.775336745569103,4.0
416,11.071688691839134,18.62570289311537,8.0
417,11.9220797576665,0.9975583872958215,3.0
418,12.102047645115771,-18.551301647972146,0.0
419,-4.205968817441799,-12.650938784173297,6.0
420,-28.32271885636066,1.622909378198241,4.0
421,18.23687730715878,8.79717317206961,8.0
422,1.462177059900907,-11.89779721375582,6.0
423,-15.66013192335089,3.064367397775292,4.0
424,-7.7867010880162795,-4.336699996698844,1.0
425,9.437079760761046,11.992036060527017,8.0
426,-3.699042931189306,-0.6474296080644195,1.0
427,-9.854956837639348,1.4881906577602513,5.0
428,-18.11466871487936,-4.061859780240599,4.0
429,-12.797948922179847,2.1592349715475367,9.0
430,-25.259711003827384,7.761855106383322,4.0
431,17.337029715008658,3.0898723020288053,3.0
432,1.0755695492906556,-5.289189629623993,2.0
433,20.504974985388802,-17.888137485256756,0.0
434,3.162079004363686,-15.380835604657353,5.0
435,13.534808258159279,-20.69944912418531,0.0
436,-25.75582308053637,14.012141830794125,7.0
437,-17.285553155000184,10.146904533386408,9.0
438,9.05680818564683,-4.980526906235458,2.0
439,-16.790026578115757,4.1609120733925495,9.0
440,8.626404517615775,-16.52719400183701,8.0
441,-17.091829796617194,4.0434365634917295,9.0
442,-2.9476313752022785,-19.78827887157093,6.0
443,26.798388268118934,6.643884884122149,5.0
444,15.665566748677358,-7.749320524241096,2.0
445,-22.162095709490867,3.13313111928402,4.0
446,-26.309792133160922,3.9805901533517956,4.0
447,1.0395726125182299,-16.294540584910155,6.0
448,-17.704824500833354,9.763442727797324,4.0
449,5.387436720589095,11.310058556510565,8.0
450,-23.584147953253417,8.270664355012668,4.0
451,-3.7832211013397194,-1.481442352129347,1.0
452,-22.13687197469809,14.383103687786898,7.0
453,17.378403701935582,11.429347514409823,5.0
454,2.821904123199478,14.060447037537228,8.0
455,-11.315972381603212,8.644724548022902,9.0
456,16.923195858576488,11.715350480991388,5.0
457,-23.803830042832274,12.860646018589613,9.0
458,-9.258017081083649,18.974848274153626,3.0
459,-19.687288185765087,4.22209362568565,2.0
460,9.839428118621209,4.224649251606867,5.0
461,4.70260395876212,12.211305613023162,8.0
462,9.918795264451804,-10.066352045332438,2.0
463,15.962306771289661,-9.815979473358805,2.0
464,-3.7033947705927743,11.573589197152703,7.0
465,10.456420869328115,-6.360191759950495,2.0
466,2.3734609924038534,14.33214947149336,8.0
467,-13.47008815531265,4.952173128419971,4.0
468,-1.887308532864696,3.248658185855646,1.0
469,-21.117648823392237,-1.688630988821384,9.0
470,13.4391782901946,5.872470818477652,3.0
471,-3.605029012979971,-16.531651177002296,6.0
472,19.38682107283721,-17.178581123076484,0.0
473,16.897207470511116,-6.3762251426184156,2.0
474,8.126218479995499,-7.899844978922857,2.0
475,-15.631639672307555,11.087095435217494,9.0
476,-3.563945235920568,-4.326696011481682,1.0
477,5.157043141433356,-3.758110052338822,2.0
478,-12.672035923004257,17.079853886428076,7.0
479,13.202753496095594,-6.988487334776072,2.0
480,-0.010849893931838857,2.690693475351364,1.0
481,15.87367456137309,5.892361376559732,3.0
482,-24.207266383084818,9.717475074388542,4.0
483,-15.372483037303676,12.115236387264815,9.0
484,-0.4374331223458741,0.3206973883270621,1.0
485,7.931170080463331,13.195449166170008,8.0
486,15.05480782175518,-21.4578121991193,0.0
487,15.780415889242802,-6.168465780150683,2.0
488,12.428743919952796,-10.239545400085023,2.0
489,16.09257820819084,8.606431401741588,3.0
490,-28.542738581795888,-0.19207500134915212,4.0
491,-1.3695025646592525,3.1909979762676963,1.0
492,21.04661709993434,0.9699489259018519,3.0
493,-15.428339070359707,3.452615183092892,7.0
494,-22.01813728067966,8.626138371879971,4.0
495,1.046200866319919,2.14296284038305,1.0
496,-29.479988457248105,3.508400707742251,4.0
497,-6.3221276266569415,-3.016406720238412,1.0
498,9.006048172428063,2.716683129920032,5.0
499,15.335252088689215,-27.073466708230907,9.0
500,-0.030830858453302454,-21.25583327009207,6.0
501,-15.198166146825285,1.552921373850056,9.0
502,13.54372999632269,-19.254724467836198,0.0
503,21.69317294979788,-1.83795204241913,5.0
504,-9.567419367592096,15.923452930777366,7.0
505,-3.5309662794088816,-16.094159742501184,6.0
506,8.88626467937217,15.03263981112517,8.0
507,7.950544619058362,-5.5166381417038,2.0
508,19.02386989959955,-23.196711490871397,0.0
509,-19.818921493603742,13.566527105096691,7.0
510,15.874428216805464,5.291104928117631,3.0
511,12.36650753399559,13.085496453456962,5.0
512,7.00373593794361,14.022377332984291,8.0
513,3.8106574948496523,-7.340782279223249,2.0
514,5.88678580810776,12.298960606880925,8.0
515,15.931478655646742,-5.93220066261527,2.0
516,-10.569920125005346,-4.900881044472711,4.0
517,-3.382568973271076,-3.569163702809332,8.0
518,-11.208839346614093,1.3802844636864136,5.0
519,8.017984042164919,13.183789561396072,8.0
520,-15.258188529965969,20.439104578403317,9.0
521,-17.38069653393948,16.96170500288055,7.0
522,-1.5666996543541027,2.0317521412535897,1.0
523,2.369968282729815,-5.580101821951108,2.0
524,-28.01484734714977,4.537581053309395,4.0
525,22.421271561909634,-0.27840891430054737,5.0
526,15.237396181021948,-27.281646215872346,5.0
527,-5.03532171646904,-5.137485540302948,1.0
528,-8.01347855980187,4.2045247358593745,8.0
529,-5.5369310610654425,-6.4986014790972835,1.0
530,-17.530168022877444,3.125687309784481,4.0
531,-27.866879334356152,-0.5726286177775053,4.0
532,1.155893756896125,-13.588325230896999,6.0
533,16.50701169835215,12.702906006751606,5.0
534,10.650033254891298,19.417111259510122,8.0
535,-26.289835547640422,-1.9138588703012052,9.0
536,13.398156039128429,-7.862498898685758,2.0
537,22.584076346611607,4.665340960575992,3.0
538,14.575668955219887,-21.349234308648477,0.0
539,8.260141809455437,4.888370755542796,5.0
540,-1.2024213099702772,3.602896563269179,1.0
541,-18.151165245481323,-3.9433907717999834,4.0
542,21.81851525204761,-15.894748199494222,0.0
543,6.075693216735146,3.631912809422021,5.0
544,-1.6696665625297897,-1.7444277193627302,1.0
545,5.369457926590057,-4.156767608825871,2.0
546,-27.101901264418213,-1.9827042714203662,9.0
547,14.23482457618285,-4.388845421498536,2.0
548,-9.032626485813958,9.778002442247198,4.0
549,-8.81741959941754,-6.656726616907369,1.0
550,-3.213364667728725,-20.781650925784955,6.0
551,9.304671907188506,10.891500799530883,8.0
552,10.812331541748792,-19.78830592009645,0.0
553,-21.78686677896921,10.836509773380259,4.0
554,-18.119321421065397,6.915048815554906,9.0
555,19.10354207311965,-14.497261994029888,0.0
556,22.258096797157318,-20.73762802837713,0.0
557,23.14859722937271,0.4343900878836491,5.0
558,-16.079277952453168,4.235588873128559,9.0
559,12.25222351908204,17.77207455236128,2.0
560,15.361851912063315,7.923232718092874,3.0
561,-8.800904449218933,2.1670050946341903,5.0
562,-12.440606436971839,12.517539508996958,9.0
563,-10.872104044972208,-4.100918561537887,4.0
564,-15.98524408508405,2.8680285533577017,4.0
565,17.005984754812857,8.961181754483126,3.0
566,-17.706778051659327,12.279837667875821,9.0
567,1.6588604028565597,-0.16736811529726106,2.0
568,13.286990318735857,17.497288325774896,3.0
569,16.933452756247746,13.309728133998027,5.0
570,3.1991659539497173,-15.131777616188316,6.0
571,-5.857743098849361,4.015901487427608,5.0
572,7.591727686736851,-6.955444043320072,2.0
573,-15.809790157485217,0.8315051719732325,7.0
574,13.435704313596313,-7.891147445987793,2.0
575,-9.75584374633869,11.226334072941194,4.0
576,4.631320504105084,-5.100993387549313,2.0
577,-20.059162581279498,11.224540274746598,4.0
578,-4.407146173137949,0.4874550911205409,7.0
579,13.656794668744567,-7.167225515521739,2.0
580,-6.222264216488671,5.132038906044288,5.0
581,12.944046923895929,5.270305385880137,3.0
582,-9.119948197976521,16.04009509499034,7.0
583,8.502330935586457,-20.375258996370675,6.0
584,-4.342525318730506,-2.938231918455949,1.0
585,17.305036208622393,-20.738113478623184,0.0
586,-25.30887080824666,-3.4839470954477703,7.0
587,-10.837585489347887,1.5585353266910766,5.0
588,-8.317620651810179,11.668853322193025,4.0
589,-8.025949967654107,1.9986309808212834,5.0
590,-3.1598824374682226,-0.11494125360682882,1.0
591,-0.7776281819170326,-16.572876329435818,6.0
592,-11.185505576407293,13.612544666323105,9.0
593,-18.894328411895053,15.69476952073557,7.0
594,-1.9501593662323182,0.5885263682352811,1.0
595,-1.1489774196569609,-20.008765777221964,6.0
596,22.60780906720637,8.705263424050154,3.0
597,15.412489548951665,9.69412247263766,3.0
598,-3.1191119369130367,-2.353744584663221,1.0
599,7.523701688236691,-4.7991730893121485,2.0
600,8.828709850927286,-6.731143999080523,2.0
601,16.941516334616338,-23.76560815450468,0.0
602,14.754965273593585,7.677884702610975,5.0
603,11.303772116545598,-16.624999215201363,0.0
604,-0.5214976811246564,-22.133766060977223,6.0
605,20.18475796053664,10.223414257067619,8.0
606,23.202019783472082,6.825565903493318,3.0
607,-0.18157852155172235,-14.390018545724109,6.0
608,-2.2904515076768903,-0.868643737946053,7.0
609,-10.352320012664538,18.344497051955933,7.0
610,13.136295060537556,7.7744500472734375,3.0
611,10.247490381155604,16.202806485701974,8.0
612,-0.12732415604551697,5.865356353942125,1.0
613,-18.78795495797584,19.180366773106076,7.0
614,-8.3320709453522,15.79036013520876,9.0
615,15.192179068651665,2.9084107119368525,3.0
616,-22.091903776877707,-1.0862780642017005,9.0
617,11.752537465604684,-5.781147036174647,2.0
618,9.70430050932053,10.7519773978961,8.0
619,19.379098526038806,1.664669857272297,3.0
620,-10.031765621615492,18.358924906884603,7.0
621,-24.412866554043077,6.714734926441128,4.0
622,6.28249021240051,-6.542150022901093,1.0
623,13.633387419013724,-13.295950977984603,2.0
624,21.14838069720851,5.602473341078358,3.0
625,2.9737225273210863,-14.861502649151843,6.0
626,-6.05710576080271,2.2765856461012484,5.0
627,17.011085016010792,-20.631441242738077,0.0
628,2.0236476292130323,6.547613731953764,1.0
629,10.614949209989714,16.066846170334617,8.0
630,-4.749113403944966,-19.11882542537978,6.0
631,-10.410387210462991,13.8715925639558,9.0
632,-0.20624515068243338,-4.90991567034102,2.0
633,0.12051540663504783,2.8188024553887465,1.0
634,2.9936928540177554,-17.410169133800597,6.0
635,18.0774399454744,-21.166881766425725,0.0
636,13.837007872384646,-4.334692566964915,2.0
637,21.06162413480965,10.122713466699702,8.0
638,18.469672295198087,-22.197552583845106,0.0
639,-5.617028436697256,18.19890393568132,8.0
640,20.884871288401033,11.816847250328358,8.0
641,-20.664219430967236,-3.9184905408402813,9.0
642,-0.19739706795546072,5.727824131994825,1.0
643,11.356188257806272,-3.6188017417806813,2.0
644,-4.576776595117442,15.238989815279226,2.0
645,1.4530547637314368,3.398727467745923,1.0
646,-20.493118249037153,1.733242139816921,4.0
647,20.258344067086956,10.144586766274312,8.0
648,-7.7549437235166385,-4.668468185906491,1.0
649,-9.775023329030452,11.473929247410014,4.0
650,-27.881731300214852,1.5544268920050346,4.0
651,11.947690630512728,11.024326376038665,5.0
652,-5.7573586522198745,-2.2255619564551097,1.0
653,6.601141288651078,19.08112148715001,8.0
654,-22.660574443199803,13.603711852396206,7.0
655,-19.43331032869155,18.876385941935975,7.0
656,-14.521350132748827,7.75179319939668,9.0
657,-10.863669581766313,15.98559327289388,7.0
658,21.40681198275858,-15.857816003719618,0.0
659,0.3700926386031213,-13.769992920962185,6.0
660,-14.248178869650348,3.1000434890395554,9.0
661,-20.924998270383465,7.638620319790032,4.0
662,5.970106820034622,3.6414828048620778,5.0
663,-1.5493013892089675,-15.393214046930396,6.0
664,2.749692198261097,-3.506858877079226,2.0
665,14.209357822982895,13.419556199874531,5.0
666,-14.87331144526562,21.35748559057727,7.0
667,-22.74574778457899,-1.4256468731350795,4.0
668,-15.879772979972676,2.787230797392502,7.0
669,12.318878518299012,-3.8979477717775266,2.0
670,19.2551704732258,1.4491004115462491,3.0
671,18.489346744249815,-20.257076693521963,0.0
672,5.181104603724697,13.747786445738944,8.0
673,-9.351385227377842,10.136087600446213,4.0
674,9.68019759385014,18.43797766759691,8.0
675,16.995009919289554,-15.25165612603677,0.0
676,7.968201150461779,-17.926086752954802,0.0
677,-21.399105991176885,0.9423122671093712,9.0
678,-3.9572441564464365,11.481572236459835,7.0
679,-2.857760650036999,12.024213815203947,7.0
680,-14.835725287365943,13.040243295991669,9.0
681,24.917970225743268,4.390593492557659,8.0
682,8.06156918536653,-5.850557787861074,2.0
683,-0.9657553527954352,-0.7036743877724795,1.0
684,0.06922413437904941,-13.06748545549315,6.0
685,20.257386542401566,-0.42269798671929004,5.0
686,-6.735353597597802,14.438594131631081,5.0
687,0.6969061002183436,4.622504829201187,1.0
688,-7.6465721361394685,-5.196989911876078,1.0
689,-13.317067900337275,15.058875404567436,9.0
690,-3.1798433214809623,3.7055903053214845,7.0
691,-11.789957155397511,18.388366635772037,7.0
692,8.842789282197991,17.76442981305468,8.0
693,-1.3896605511964402,-15.85787889024188,6.0
694,-23.304673146024513,0.609352460936933,4.0
695,-16.48557252313648,18.21749276407424,7.0
696,10.370802459004164,3.223537939401894,5.0
697,15.761170175019283,7.711081766351689,3.0
698,1.9252501670001356,6.079557613902986,1.0
699,3.8012611803237206,-12.30497783815183,6.0
700,-9.630229993800148,7.730359017298368,4.0
701,22.357777150840434,-1.349646730640801,5.0
702,-18.60023648595541,2.5042004514591087,7.0
703,-22.27071115149989,5.9669725041632615,4.0
704,-1.3743048350092744,3.1406053347347354,1.0
705,6.212004490708447,13.378356525242232,8.0
706,13.303228533032593,6.428312251419712,3.0
707,16.46791591853867,12.456840541770696,5.0
708,-6.315058403172223,-4.95016641696345,1.0
709,-12.421220388765104,16.4230346938785,7.0
710,-1.750122160586178,2.6868391163883554,1.0
711,-4.810639080251622,-3.022787994458366,1.0
712,5.272123561945445,15.78084995217873,8.0
713,-5.502035322367166,-20.660914546922513,6.0
714,-28.93665773297076,-0.11214800937889745,4.0
715,21.60125739836143,0.5747759231399711,3.0
716,-13.421923585163242,8.73630241293387,8.0
717,15.688079741135244,2.904191591202758,3.0
718,-1.7282506712754326,-1.8929652505674148,1.0
719,0.33348583822727723,-0.964618051889546,2.0
720,7.027907677997974,9.238302047940588,8.0
721,-14.564241971948842,6.040029192891999,9.0
722,10.413184091279069,-19.87554656256993,0.0
723,-14.410220450709218,4.743506018807439,9.0
724,2.541430064101662,5.667454713381201,1.0
725,10.054592170898596,-7.948485053333969,2.0
726,12.13871056156418,5.561573103982685,3.0
727,21.46534698406617,5.281957674158005,3.0
728,16.319325849760528,-25.87628711046207,0.0
729,18.76880981098623,2.16686770535633,3.0
730,21.9463677015348,-15.047741651113252,0.0
731,12.674536190187764,-10.797087718261716,2.0
732,11.924161496543539,-18.933485802227224,0.0
733,12.469475611424393,0.4697960999703935,3.0
734,23.73791499835884,11.371736873714685,3.0
735,-4.583055570465948,5.649464588058103,8.0
736,18.594650705954574,8.28410515556825,3.0
737,14.573352763159644,12.419748031318177,5.0
738,-19.011837855299255,17.099902624338597,7.0
739,8.52497323337377,-18.614781941482523,0.0
740,13.892842998456926,12.94537930323397,5.0
741,-14.850953485580023,10.52347772781464,9.0
742,12.996434423950264,-15.904967410327226,0.0
743,23.40673492370472,-0.9505795133322079,5.0
744,-16.470564046367166,5.614476766680572,9.0
745,0.8493144569565185,4.468017298907598,1.0
746,11.848418769023118,11.160114596334141,5.0
747,-6.486876475046901,-6.781551849610845,1.0
748,0.8405218507664678,3.735757409920832,1.0
749,7.708844542777978,-9.391127477208581,2.0
750,1.0044117100752752,-15.2569828124933,6.0
751,-8.240397604109672,2.050292330865338,5.0
752,-11.021380585990318,0.8684435766362132,5.0
753,-16.65825833829336,-0.39760496263865647,4.0
754,24.198609191823937,6.294860956819331,5.0
755,-1.5407479225744924,0.5459903643725672,1.0
756,-10.851976968613702,-18.52076839295257,6.0
757,22.0826550835198,-20.75806138904235,0.0
758,9.88897583596573,-1.718575632328414,2.0
759,12.575464883366832,-3.9930620481065966,2.0
760,4.178925879842705,12.059476590404635,8.0
761,21.86861789405855,-21.033259036296794,0.0
762,-18.520559857224004,3.85711108532949,7.0
763,-6.094234566034907,-4.871071496375374,1.0
764,13.74755649259759,-19.174240616030314,0.0
765,1.670446319930098,9.348147447444342,8.0
766,-7.428699070070316,3.741754303291495,5.0
767,1.4660846890314594,-19.48111795304459,6.0
768,16.085654681241802,1.1337624619267812,3.0
769,16.438210920010636,-10.756027296218733,2.0
770,-11.526334218813545,13.152974237188387,9.0
771,-16.490264957687344,-0.2945901375787688,4.0
772,19.53192809695417,4.063900191191235,3.0
773,-1.4061962719021603,-17.21239300407131,6.0
774,12.741342532769485,-21.36077065010321,0.0
775,4.7457649805534246,9.101036619160253,3.0
776,4.856156455855462,0.6527320688137468,4.0
777,-6.418219859201997,-6.336059462643108,1.0
778,6.006512407590575,-12.999349282703731,5.0
779,-26.231771443785032,-2.0220775759058083,9.0
780,12.44977787317906,0.29998013258349754,3.0
781,18.87365696854546,-16.939649081774178,0.0
782,-5.180579976593945,5.13095582527888,5.0
783,13.70552519702428,-22.31656104476697,0.0
784,-2.2276387403255593,-18.1750448883214,6.0
785,7.629972389436404,-1.7116692720275006,2.0
786,-19.0682236919437,2.675297797986071,7.0
787,-4.7637243475870505,-17.539973455317693,6.0
788,3.3467345370700565,-0.7207008626475283,6.0
789,-1.7736419218190569,-18.36955847701529,6.0
790,-4.040881477987261,7.213745004635732,9.0
791,1.0761886194655463,-13.532235137260894,6.0
792,-12.577822772401769,17.48378541575942,7.0
793,4.27444493615185,17.623770351566737,8.0
794,4.336182957080544,-11.649216565507652,2.0
795,18.438837826813803,-17.62462760575653,0.0
796,-0.015633262730391492,-15.624745537215654,6.0
797,18.877165815174152,-14.946045718018162,0.0
798,8.991135986957513,17.78320688067291,8.0
799,8.705945492974017,-19.304298529170673,9.0
800,-6.381889944939627,5.14376161584153,5.0
801,16.378171439805065,5.588341900933467,3.0
802,6.281074883302209,-17.2642051019974,6.0
803,-19.52051996670541,2.271645769909468,7.0
804,-11.142616283538848,10.904268333450611,4.0
805,21.478843028498694,9.814027044402417,3.0
806,-15.995086825457195,8.180963903180329,9.0
807,-13.012114670308838,2.220429382397567,7.0
808,-16.159708655695184,16.156092176312736,2.0
809,18.00088772562434,-24.245185695058666,0.0
810,-14.442778444451221,2.1274495218975966,4.0
811,-1.3331746587282667,8.1507496148053,7.0
812,11.33476030785346,-9.30573290457152,2.0
813,8.844641602270999,-4.5200582929211235,2.0
814,12.340812085066148,7.298194852990644,8.0
815,15.593790051354668,-7.573868924984988,2.0
816,-20.30881626238738,13.68456741982109,7.0
817,15.451384968104554,-23.06873554665744,0.0
818,-23.46964187987488,1.5932126650783438,4.0
819,16.088151435106855,-20.2216119855386,0.0
820,9.861635456001595,4.428578185705135,5.0
821,8.985989374377501,7.422363401645895,2.0
822,2.006539358692719,14.331311410754997,8.0
823,-15.068192451485558,16.809186046296805,7.0
824,-18.564384562686044,4.138136504005002,7.0
825,-24.212425955810428,-0.48915665126186014,9.0
826,-0.4664941993313398,5.796483380826857,1.0
827,-10.146456043821653,5.806003565495032,4.0
828,14.555636542792392,-21.791537682889235,0.0
829,-2.318799800638882,-2.113862139354376,1.0
830,-4.04106960476304,-2.2654398500544612,1.0
831,10.194004187537907,-7.256163628256118,2.0
832,14.734873599021741,6.158748758250844,3.0
833,2.2999535421671706,-15.780964802950086,6.0
834,2.3128983189776093,-5.649071834147558,2.0
835,18.745850022584207,-19.166544365097675,0.0
836,-4.691584542579503,-18.75400174900792,6.0
837,-0.5385978715771295,-22.26063730568857,6.0
838,-5.894973531799936,-2.8568965155975192,1.0
839,-17.32844628589577,6.696377832644427,9.0
840,-23.09922399726645,1.9726665318232555,4.0
841,8.861127990419636,3.0411966277918663,5.0
842,15.144375264826165,-6.327708384817696,2.0
843,-13.965551214675903,17.578157408779333,7.0
844,-18.03475407860354,16.544219823249065,7.0
845,7.242508622430213,9.985072995614725,8.0
846,-16.382845627455527,10.893112301726392,9.0
847,14.140345871794542,9.890965591662804,5.0
848,6.602382815424488,18.059903136839992,8.0
849,15.644305930935246,8.325471220476794,3.0
850,5.506415871074313,5.681286333448811,8.0
851,-10.917757020548708,1.309367611023954,5.0
852,0.7510918217132224,-18.18592524916939,6.0
853,11.807752283979585,-0.9412957493031204,2.0
854,11.800760642362752,-19.24664283905297,0.0
855,-22.5161068531386,12.995581746621637,9.0
856,-23.412225945588215,13.676140586741617,7.0
857,-8.743096620599987,-6.644025597032928,1.0
858,8.563486899677475,9.665340695748114,8.0
859,3.614878885616116,-2.3475274988572767,2.0
860,-3.871786590891897,-18.436290224625015,6.0
861,-12.717982003738696,15.364577275995662,9.0
862,19.196979489476128,-13.64778133239815,8.0
863,-24.9102904282018,7.496575986290963,4.0
864,-29.50426428462581,1.6312202183553968,9.0
865,-21.599427214582846,8.466460225601153,4.0
866,-5.381088475217645,-2.100187957277103,1.0
867,17.288410448193982,5.998854669727817,3.0
868,-11.811052675997987,4.921661053795545,8.0
869,-22.705502934421887,3.5916380445298315,4.0
870,14.327958090230757,-24.10627623490864,0.0
871,-17.507507015609168,18.56027183074567,7.0
872,-12.335534179164972,18.513303399047732,7.0
873,16.93846597835065,4.05567252857243,3.0
874,-13.894565095402607,19.496227724456325,7.0
875,1.3253476919308405,-16.0025407513912,6.0
876,-0.31861002676473354,-15.511146717019862,6.0
877,6.602267682816611,11.052794742280243,8.0
878,7.578661682744062,15.236086011219589,8.0
879,8.003710230411066,-7.976696035393096,2.0
880,-22.656960868988996,15.426215286056385,7.0
881,14.738271350487535,-22.685874142113413,0.0
882,-23.727854642131845,9.347006613533985,4.0
883,14.297314601603434,2.3241723996786785,3.0
884,2.424254235260271,7.436512381447152,7.0
885,-17.229164296478675,15.076977516888666,7.0
886,13.270773648764198,-23.160945326213806,0.0
887,10.61834653963665,17.346092179017077,8.0
888,-26.69057377186499,5.52402152520068,4.0
889,-14.854098353976672,21.471425791151866,7.0
890,-22.13285512770277,-3.376994352703607,4.0
891,20.6012459845005,-18.640093723420804,0.0
892,3.191496059082812,-18.192208548173767,6.0
893,-16.390358310149228,4.603382036304115,9.0
894,4.353231578491388,16.92390640267078,8.0
895,-0.3196512081112753,-13.442296529015104,6.0
896,10.884640961830064,-16.15512978320188,0.0
897,7.451182068072754,15.366856750872659,1.0
898,-4.3777641563528915,-20.183399169464884,6.0
899,-6.726300597789259,10.15358248571221,4.0
900,23.291956948115597,0.5208599445006871,5.0
901,3.0395228533938212,-2.245373616518121,2.0
902,-21.096923776986824,16.569270442577505,7.0
903,23.24128713724276,8.88184134949299,3.0
904,1.1834239833066709,-17.090532567263192,6.0
905,3.331590460023754,-2.3945280582563764,2.0
906,3.611999477731316,-4.4259517460404085,2.0
907,-21.846188044324524,-0.6671548215213081,9.0
908,2.112557681119928,-7.2451357206171725,2.0
909,-12.008848523839537,15.059072444201156,7.0
910,-21.308567801729712,-0.4447358416884674,4.0
911,8.042200351076158,10.203144316990123,8.0
912,-22.93131453429415,15.629594149284657,7.0
913,12.216944975434778,-5.709904318169327,2.0
914,-20.500066337992727,10.916897253865386,9.0
915,14.511997127568103,15.485600057121575,5.0
916,-16.162155079949493,-2.2581509126683623,3.0
917,-26.098469904863997,4.7075202902080235,4.0
918,-10.247689844009283,21.763432966248494,8.0
919,20.00725126971627,-19.04985686754339,0.0
920,-22.7196649273129,5.468897172776906,4.0
921,-25.285719079818815,-1.3574478345881948,4.0
922,-6.409087340843466,-21.34301553118418,6.0
923,14.247908633809207,13.031482185919165,5.0
924,21.472752427492818,-19.789255627747867,6.0
925,1.7842611752687763,5.923739643562049,1.0
926,7.783235868938953,-3.77477671229066,2.0
927,7.885576320367848,-8.962370934716553,2.0
928,22.092974155142297,7.280404856543568,8.0
929,-25.68306092136291,7.313916824551329,4.0
930,7.440081389465037,2.502118000035351,5.0
931,-17.700115668901997,16.415067674293716,7.0
932,3.393882878651432,11.68781802321128,8.0
933,16.801173247856035,-25.40083973405435,0.0
934,3.061349879877412,-17.283421635706382,6.0
935,-12.763619289873056,-1.302974207721718,8.0
936,-21.53690640288534,3.719263893254325,9.0
937,0.5641080460217371,3.5693591071857953,1.0
938,-19.861863128136722,18.624663701427266,7.0
939,-25.674890297409405,14.01278157734704,7.0
940,9.420049587641842,-9.603931158903558,2.0
941,-1.568166392766902,-20.05834787410199,6.0
942,13.983767184445309,6.18862919817883,3.0
943,-17.24303607180048,7.373088078817052,9.0
944,-16.1793956924279,10.387566895680356,9.0
945,-6.530006058659862,-4.399568952407973,1.0
946,22.0750422214954,-14.794553922074176,0.0
947,-10.796949690335245,3.723948581484691,4.0
948,9.117904839467064,-2.102220225503063,2.0
949,-6.398633411056562,3.631072881943643,5.0
950,-19.89354526324777,-1.8749873018283116,4.0
951,-24.74351913177582,7.45730612939167,4.0
952,-19.479427854505413,0.18846773590322372,9.0
953,15.570575806291254,-9.060078780828663,2.0
954,-9.75353334113075,-18.868754930581147,6.0
955,-13.806792946394397,15.677890115388369,7.0
956,4.6225492408178335,-3.618772524769288,2.0
957,22.222053584359806,11.559552603910898,8.0
958,22.773616198935184,7.840151671976332,3.0
959,19.762128655233635,7.385405941429781,3.0
960,12.345480310307838,-9.95951239035687,2.0
961,-12.736308124619988,16.221419892792944,7.0
962,19.978578665515915,-16.994931766131014,0.0
963,-20.290398035750663,7.861058623440962,4.0
964,-4.393055392787294,1.2730215769338222,7.0
965,11.713777823611242,-15.712806021614496,0.0
966,-11.581891278896641,15.295667869250961,7.0
967,-13.691373570135807,19.424112791073863,7.0
968,9.69831596879804,15.00385504527162,8.0
969,-6.996440522273592,-7.409657971170546,1.0
970,-25.256575562613882,-3.554944381175276,7.0
971,16.50609400313422,7.191399149815892,3.0
972,-17.27020807942039,18.11279354635824,7.0
973,3.489179887664575,15.894911101321096,8.0
974,20.910481087181463,-19.30961090276485,0.0
975,-5.126827538327398,-3.181772057378889,1.0
976,19.975247734364174,-16.753710795285823,0.0
977,14.725006048061438,-5.42340213671211,2.0
978,-20.741640127470863,1.8782675099852544,9.0
979,-19.121379847734715,18.11225948311878,7.0
980,-3.3622727264266192,-21.06214039185885,6.0
981,12.283309963808977,-3.9207118360297315,2.0
982,13.797758082706931,-5.895676827806307,2.0
983,-3.7449826292938577,-13.151263198865898,6.0
984,-13.43455953831139,11.121103590861686,9.0
985,15.006187864599267,-20.193107517754743,0.0
986,0.16551882193686032,-10.517124437692067,6.0
987,4.251879832099453,16.542053564057557,8.0
988,-1.193280629095127,-3.0694879555851204,8.0
989,-7.928253495802126,14.89453406775147,9.0
990,-10.927702093417587,-18.58836749395904,6.0
991,16.540090616360953,0.7518444296609625,3.0
992,23.239078842891036,-0.681970709045406,5.0
993,16.69119785914395,-25.7962757822032,0.0
994,-10.68536142602482,-12.16170426351328,2.0
995,8.930630600815947,-6.964413932439042,2.0
996,-7.286190034477865,4.026953131304848,5.0
997,-15.958287297235268,7.733808539392415,9.0
998,3.299765098638854,-12.889333306963973,6.0
999,-21.71968785434198,-0.5997401336047725,4.0
